student_id,marks
1,68.66
2,52.52
3,74.01
4,76.29
5,41.59
6,49.37
7,66.53
8,61.21
9,64.8
10,54.76
11,75.55
12,74.33
13,65.79
14,78.53
15,70.61
16,54.69
17,69.43
18,53.49
19,75.54
20,64.4
21,62.78
22,56.83
23,79.67
24,63.15
25,59.86
26,60.77
27,71.39
28,69.39
29,69.95
30,70.17
31,90.7
32,60.12
33,58.85
34,55.23
35,72.39
36,78.55
37,63.63
38,54.92
39,55.11
40,72.81
41,73.92
42,71.52
43,57.01
44,67.79
45,66.4
46,67.62
47,75.46
48,67.68
49,73.15
50,65.81
51,68.47
52,72.58
53,47.51
54,61.16
55,59.36
56,57.33
57,61.7
58,82.94
59,54.61
60,76.62
61,44.81
62,60.98
63,66.95
64,72.03
65,73.53
66,74.52
67,60.82
68,59.45
69,75.3
70,62.7
71,49.69
72,51.4
73,53.97
74,70.97
75,66.71
76,73.29
77,59.87
78,66.9
79,72.51
80,61.29
81,70.48
82,57.06
83,60.64
84,60.42
85,50.65
86,70.84
87,59.37
88,65.15
89,70.77
90,70.36
91,72.98
92,63.82
93,59.92
94,64.04
95,44.75
96,47.63
97,49.13
98,53.03
99,69.8
100,54.13
101,60.46
102,80.59
103,60.72
104,73.85
105,53.8
106,62.53
107,53.6
108,60.93
109,75.08
110,44.27
111,70.21
112,67.85
113,57.87
114,47.65
115,65.87
116,58.65
117,67.79
118,65.26
119,84.22
120,62.13
121,52.72
122,67.15
123,67.64
124,81.31
125,75.02
126,69.28
127,82.56
128,50.73
129,57.32
130,53.88
131,60.32
132,48.48
133,72.62
134,62.33
135,47.35
136,52.81
137,68.76
138,75.06
139,88.96
140,99.97
141,69.97
142,53.13
143,39.42
144,68.21
145,55.24
146,60.02
147,57.65
148,63.31
149,77.79
150,66.88
151,63.1
152,52.57
153,44.9
154,59.16
155,64.35
156,86.22
157,66.56
158,76.79
159,59.01
160,50.78
161,53.42
162,56.3
163,90.54
164,55.14
165,75.06
166,54.16
167,76.18
168,69.62
169,63.12
170,64.51
171,57.14
172,70.35
173,59.54
174,50.29
175,49.66
176,67.07
177,83.95
178,66.92
179,63.58
180,68.43
181,80.67
182,67.63
183,60.07
184,78.28
185,70.15
186,83.43
187,67.2
188,50.31
189,48.58
190,84.81
191,85.68
192,62.85
193,60.4
194,82.54
195,51.72
196,54.26
197,72.72
198,60.26
199,64.94
200,63.04
