region,product,units_sold,revenue
North,Monitor,16,51586.58
South,Laptop,17,6103.55
East,Monitor,18,47270.83
West,Keyboard,4,27297.96
East,Mouse,5,38809.97
West,Mouse,20,26883.14
South,Laptop,3,4297.13
East,Monitor,20,38084.03
North,Monitor,17,58256.53
South,Mouse,22,46813.82
West,Laptop,9,3106.32
South,Keyboard,4,41141.41
West,Keyboard,9,19886.61
West,Monitor,9,28438.57
West,Laptop,12,28804.44
North,Mouse,6,40353.93
West,Mouse,4,42165.77
West,Laptop,8,50019.46
South,Monitor,21,17655.52
South,Laptop,17,8815.27
West,Laptop,20,47322.0
North,Monitor,16,42457.34
South,Monitor,14,34340.1
South,Laptop,4,7314.54
South,Keyboard,16,34131.55
South,Laptop,19,38265.74
East,Keyboard,3,18585.03
East,Keyboard,1,26484.68
West,Laptop,7,51277.48
South,Laptop,6,3969.01
West,Mouse,23,39884.03
South,Laptop,14,47141.94
West,Keyboard,10,48934.21
South,Mouse,5,1851.37
North,Laptop,19,27981.7
East,Keyboard,4,30312.16
West,Laptop,12,27046.3
East,Laptop,10,18439.97
East,Keyboard,15,5715.17
South,Mouse,3,57732.91
South,Monitor,12,16319.26
East,Monitor,24,46835.68
South,Keyboard,19,16698.37
South,Laptop,3,54204.84
North,Mouse,17,18704.42
North,Monitor,14,11017.98
South,Monitor,1,43308.05
West,Keyboard,11,37824.88
North,Keyboard,3,5524.44
East,Monitor,10,2976.04
North,Mouse,5,9099.19
South,Keyboard,3,35464.85
West,Laptop,8,35073.14
West,Mouse,9,35659.47
South,Laptop,4,29197.05
West,Mouse,19,5422.43
South,Mouse,17,56300.67
South,Laptop,14,28672.62
West,Mouse,23,31480.01
South,Monitor,11,1785.92
